{
 "eta": 1,
 "etat_eff": 361,
 "etar_eff": 17952.000000322572,
 "brandt": 17.141749035614772,
 "brandr": 120.88097418643912,
 "N": 361,
 "theta_max": 1e+30,
 "print_skip": 500,
 "min_Nsteps": 1e+30,
 "avglen": 100,
 "omega_min": -1,
 "omega_max": 1e+30,
 "pos_cm": [
  0,
  0
 ],
 "theta": 0,
 "dt": 0.001,
 "a1": [
  1,
  0
 ],
 "a2": [
  -0.5,
  0.8660254037844386
 ],
 "cl_basis": [
  [
   0,
   0
  ]
 ],
 "N1": 20,
 "N2": 20,
 "sub_basis": [
  [
   0,
   0
  ]
 ],
 "b1": [
  1,
  0
 ],
 "b2": [
  -0.5,
  0.8660254037844386
 ],
 "epsilon": 1,
 "well_shape": "sin",
 "Nsteps": 40000,
 "cluster_np": "pos.npy",
 "T": 0.40698,
 "seed": 12345,
 "Tau": 9000,
 "Fx": 20,
 "Fy": 0.0,
 "ks": [
  [
   4.1887902047863905,
   0.0
  ],
  [
   -2.0943951023931944,
   3.627598728468436
  ],
  [
   -2.094395102393197,
   -3.6275987284684343
  ]
 ]
}