{
    "print_skip": 500,
    "theta": 0,
    "pos_cm": [
        0,
        0
    ],
    "dt": 0.001,
    "a1": [
        1,
        0
    ],
    "a2": [
        -0.5,
        0.8660254037844386
    ],
    "cl_basis": [
        [
            0,
            0
        ]
    ],
    "N1": 20,
    "N2": 20,
    "sub_basis": [
        [
            0,
            0
        ]
    ],
    "b1": [
        1,
        0
    ],
    "b2": [
        -0.5,
        0.8660254037844386
    ],
    "epsilon": 1,
    "well_shape": "sin",
    "Nsteps": 40000,
    "cluster_np": "pos.npy",
    "T": 0.40698,
    "seed": 12345,
    "Tau": 9000,
    "Fx": 20,
    "Fy": 0.0,
    "ks": [
        [
            4.1887902047863905,
            0.0
        ],
        [
            -2.0943951023931944,
            3.627598728468436
        ],
        [
            -2.094395102393197,
            -3.6275987284684343
        ]
    ]
}
